{"Model_2_Metrics": {"eval_loss": 0.13901975750923157, "eval_accuracy": 0.9596163553760727, "eval_precision": 0.9594913278368966, "eval_recall": 0.9596163553760727, "eval_f1": 0.9589739537037213, "eval_confusion_matrix": [[152, 20, 0, 11, 0, 2, 0, 2], [8, 347, 0, 1, 0, 0, 0, 0], [0, 2, 152, 1, 0, 0, 0, 1], [3, 2, 1, 303, 0, 0, 0, 0], [0, 0, 0, 0, 341, 0, 0, 0], [8, 2, 0, 1, 0, 92, 1, 7], [0, 0, 4, 0, 0, 0, 347, 0], [2, 0, 0, 0, 0, 1, 0, 167]], "eval_class_balanced_accuracy": 0.9427850728703291, "eval_kappa": 0.952801207250292, "eval_ROC_AUC": null, "eval_runtime": 12.942, "eval_samples_per_second": 153.068, "eval_steps_per_second": 1.236, "epoch": 5.0, "Model_Name": "BeiT-HiRise"}}