{"Model_4_Metrics": {"eval_loss": 0.08308205753564835, "eval_accuracy": 0.9808177688036346, "eval_precision": 0.980617041083571, "eval_recall": 0.9808177688036346, "eval_f1": 0.9804545858046287, "eval_confusion_matrix": [[161, 11, 0, 10, 0, 0, 3, 2], [3, 353, 0, 0, 0, 0, 0, 0], [0, 0, 156, 0, 0, 0, 0, 0], [1, 0, 0, 308, 0, 0, 0, 0], [0, 0, 0, 0, 341, 0, 0, 0], [8, 0, 0, 0, 0, 103, 0, 0], [0, 0, 0, 0, 0, 0, 351, 0], [0, 0, 0, 0, 0, 0, 0, 170]], "eval_class_balanced_accuracy": 0.9721534103157525, "eval_kappa": 0.9775866278411967, "eval_ROC_AUC": null, "eval_runtime": 14.4619, "eval_samples_per_second": 136.98, "eval_steps_per_second": 1.106, "epoch": 5.0, "Model_Name": "DeiT-HiRise"}}