{"Model_1_Metrics": {"eval_loss": 1.7131158113479614, "eval_accuracy": 0.6718828874305907, "eval_precision": 0.6847483497239754, "eval_recall": 0.6718828874305907, "eval_f1": 0.6677699450484995, "eval_confusion_matrix": [[82, 25, 21, 17, 2, 7, 20, 13], [52, 165, 20, 11, 19, 27, 29, 33], [3, 2, 132, 2, 4, 3, 10, 0], [19, 15, 38, 201, 4, 11, 11, 10], [0, 1, 2, 2, 314, 10, 3, 9], [12, 23, 16, 3, 0, 21, 5, 31], [2, 7, 28, 3, 1, 0, 309, 1], [15, 4, 23, 4, 3, 11, 3, 107]], "eval_class_balanced_accuracy": 0.6272986314397138, "eval_kappa": 0.6195966865191908, "eval_ROC_AUC": null, "eval_runtime": 1.7412, "eval_samples_per_second": 1137.722, "eval_steps_per_second": 9.189, "epoch": 5.0, "Model_Name": "LeViT-HiRise"}}