{"Model_5_Metrics": {"eval_loss": 0.11534728109836578, "eval_accuracy": 0.9681978798586572, "eval_precision": 0.9680075879286224, "eval_recall": 0.9681978798586572, "eval_f1": 0.9677421839905463, "eval_confusion_matrix": [[163, 11, 0, 8, 0, 2, 2, 1], [4, 352, 0, 0, 0, 0, 0, 0], [0, 0, 151, 0, 0, 0, 3, 2], [1, 1, 0, 307, 0, 0, 0, 0], [0, 0, 0, 0, 341, 0, 0, 0], [6, 0, 0, 0, 0, 92, 0, 13], [0, 0, 3, 0, 0, 0, 348, 0], [1, 0, 0, 0, 0, 5, 0, 164]], "eval_class_balanced_accuracy": 0.9508607159535762, "eval_kappa": 0.9628443070987103, "eval_ROC_AUC": null, "eval_runtime": 7.8852, "eval_samples_per_second": 251.229, "eval_steps_per_second": 2.029, "epoch": 5.0, "Model_Name": "SwinV2-HiRise"}}