{"Model_3_Metrics": {"eval_loss": 0.09295599907636642, "eval_accuracy": 0.97778899545684, "eval_precision": 0.9777318865137703, "eval_recall": 0.97778899545684, "eval_f1": 0.9774969619362778, "eval_confusion_matrix": [[164, 12, 0, 8, 0, 0, 1, 2], [6, 350, 0, 0, 0, 0, 0, 0], [0, 0, 155, 0, 0, 0, 1, 0], [1, 1, 0, 307, 0, 0, 0, 0], [0, 0, 0, 0, 341, 0, 0, 0], [8, 0, 1, 0, 0, 99, 0, 3], [0, 0, 0, 0, 0, 0, 351, 0], [0, 0, 0, 0, 0, 0, 0, 170]], "eval_class_balanced_accuracy": 0.9673950698226954, "eval_kappa": 0.974051120162569, "eval_ROC_AUC": null, "eval_runtime": 13.2287, "eval_samples_per_second": 149.751, "eval_steps_per_second": 1.209, "epoch": 5.0, "Model_Name": "ViT-HiRise"}}